step,entrada,contexto,salida,esperado,tiempo,nota_modelo,denominador_modelo,nota_modelo_normalizada,diferencia,diferencia_absoluta,diferencia_normalizada,diferencia_absoluta_normalizada
0,"Respuesta: Las aserciones en los test se utilizan para ejecutar los test ya implementados. Se añaden, y se ejecuta para validar su funcionamiento. Es decir, por ejemplo, se añade un test, se implementa y al usar aserciones, se ejecuta, por lo tanto, se comprueba su comportamiento respecto al test.",Pregunta: Describe cómo se pueden utilizar las aserciones en los tests y por qué son importantes.,"Okay, voy a analizar y corregir la respuesta del estudiante sobre las aserciones en pruebas unitarias, comparándola con lo que esperaría de un estudiante con buen entendimiento del tema.

",4.0,11.7386155128479,,,,,,,
1,"Respuesta: Las aserciones en el contexto del software, son muy relevantes para cubrir el codigo y evitar excepciones y errores que provocarian si no son revisados con este metodo asertivo.",Pregunta: Describe cómo se pueden utilizar las aserciones en los tests y por qué son importantes.,"Okay, voy a analizar esta respuesta como un profesor experto en evaluación académica.

**Análisis de la Respuesta:**

La respuesta es *muy* breve y, aunque apunta a un concepto general,",2.0,8.830764293670654,,,,,,,
2,Respuesta: Las aserciones en los test son importantes ya que son los que nos dan la confirmación de que los tests están bien hechos y desarrollados y consiguen abarcar todas o la mayoria de los posibles errores de neustros test y codigo de proyecto.,Pregunta: Describe cómo se pueden utilizar las aserciones en los tests y por qué son importantes.,"Okay, vamos a analizar y corregir esta respuesta.

**Análisis de la Respuesta:**

La respuesta del estudiante aborda la importancia de las aserciones en pruebas, pero lo hace de",5.0,8.552066326141357,,,,,,,
3,"Respuesta: Las aserciones son herramientas de test que te dicen cuales son funcionalidades correctas y cuales no, es como un validador, si por ejemplo tienes unos test con una cobertura del 90% sabes que la mayoria se estan utilizando pero como sabes si estan correctas las funcionalidades o no, ahi entran las assertions, que te ayudan a saber si los test son correctos o no.",Pregunta: Describe cómo se pueden utilizar las aserciones en los tests y por qué son importantes.,"Okay, vamos a analizar y corregir esta respuesta sobre ""aserciones"" en el contexto de las pruebas de software.

**Análisis de la Respuesta del Estudiante:**

La respuesta muestra",4.0,9.02335810661316,,,,,,,
4,"Respuesta: Las aserciones consisten en si el test funciona correctamente o si dicho test no funciona correctamente y te devuelve un false. 

Son importante dichas aserciones para que no haya casos duplicados, huecos en blanco, que puedas comparar dos arrays valor por valor, etc",Pregunta: Describe cómo se pueden utilizar las aserciones en los tests y por qué son importantes.,"Okay, vamos a analizar esta respuesta y corregirla como lo haría un profesor experto en evaluación académica.

**Análisis de la Respuesta:**

La respuesta intenta explicar el concepto de aserciones en",6.0,8.221062660217285,,,,,,,
5,"Respuesta: Las aserciones o assertions son validaciones que funcionan única y exclusivamente cuando se cumple una condición. Si dicha condición no se cumple, el test falla.

Se pueden utilizar como complemento de test unitarios o TDD y existen diferentes tipos como @AssertTrue(), @AssertFalse(), @AssertSum()... y son importantes porque permiten crear código completo y sin errores, ya que permite tener en cuenta cómo manejar valores erróneos o nulos en nuestro código mediante el uso de estos tests.",Pregunta: Describe cómo se pueden utilizar las aserciones en los tests y por qué son importantes.,"Okay, vamos a analizar y corregir esta respuesta sobre ""Assertions"". Aquí tienes mi evaluación, comparándola con un nivel de corrección profesional:

**Análisis de la Respuesta del Estudiante:**",6.0,9.023108959197998,,,,,,,
6,"Respuesta: Las aserciones sirven para validar las entradas en un test, se utiliza por ejemplo en la arquitectura AAA(Arrange, Act, Assert), precisamente en la última parte, Assert, para por ejemplo, comprobar que algunas entradas son iguales con assertEquals, que se cumple una condición booleana con assertTrue y assertFalse, etc. Son importantes para mantener la integridad de los datos y evitar inconsistencias.",Pregunta: Describe cómo se pueden utilizar las aserciones en los tests y por qué son importantes.,"## Análisis y Corrección de la Respuesta sobre Aserciones

**Respuesta del Estudiante:** ""Las aserciones sirven para validar las entradas en un test, se utiliza por ejemplo en la",7.0,8.989845991134644,,,,,,,
7,"Respuesta: las aserciones permiten validar que el test haya pasado o no despues de haber declarado las variables con arrange y ejecutarlas con act, y assert valida que el test haya sido pasado con éxito, que es lo que buscamos",Pregunta: Describe cómo se pueden utilizar las aserciones en los tests y por qué son importantes.,"Okay, analicemos esta respuesta a una pregunta sobre testing (probablemente en el contexto de testing en programación, como Python con `unittest` o similar).

**Análisis de la Respuesta:**",5.0,8.574886322021484,,,,,,,
8,"Respuesta: Las aserciones o assertions es la instruccion que mide el resultado obtenido respecto al resultado esperado, en caso de fallar, da un error y el test pasa a estar en rojo, en caso contrario el test salta verde y pasara. Esto es importante ya que mide si los test pasan o no pasan.",Pregunta: Describe cómo se pueden utilizar las aserciones en los tests y por qué son importantes.,"## Corrección de la respuesta sobre ""Aserciones (Assertions)""

**Análisis:**

La respuesta identifica correctamente la función básica de las aserciones en el contexto de las pruebas (testing",7.0,9.192909479141235,,,,,,,
9,"Respuesta: Las aserciones son validaciones que comprueban si una afirmacion es correcta, y al contrario.

Sirven tanto para clases, como para metodos y ramas.

Al final si no hay una validacion previa, el test no se va a basar en ningun parametro para calificar el codigo que revisa, por lo que las validaciones son las encargadas del mismo",Pregunta: Describe cómo se pueden utilizar las aserciones en los tests y por qué son importantes.,"Vale, analicemos la respuesta del estudiante sobre las aserciones. Aquí te presento mi análisis comparándolo con ejemplos de correcciones reales y proporcionando una justificación detallada con una calificación final",6.0,9.236432552337646,,,,,,,
10,Respuesta: La función de las aserciones en los test es que permiten de manera muy eficiente el comprobar si una condición es verdadera. Por ejemplo se podría emplear AssertTrue bajo una condición y ver si eso se cumple. Son importantes en los test ya que optimizan la manera en la que se pueden desarrollar y verifican de manera sencilla si algo se cumple o no.,Pregunta: Describe cómo se pueden utilizar las aserciones en los tests y por qué son importantes.,"Okay, vamos a analizar esta respuesta sobre las aserciones en pruebas (tests).

**Análisis de la Respuesta:**

La respuesta captura la idea central de las aserciones, pero de",6.0,8.881393671035767,,,,,,,
11,"Respuesta: Las assertion se pueden usar en los test para validar y comparar objetos o valores. Esto es importante en los test ya que si una assercion falla, la validacion va a ser falsa por lo que el test va a fallar. Esto nos ayuda a la hora de resolver errores en el codigo o ver como es el flujo del programa",Pregunta: Describe cómo se pueden utilizar las aserciones en los tests y por qué son importantes.,"Okay, analicemos la respuesta del estudiante sobre ""assertions"" en pruebas (testing).  Aquí está mi análisis comparado con lo que esperaría de un estudiante con buen entendimiento, y luego",6.0,8.931580781936646,,,,,,,
12,"Respuesta: Las aserciones en los test es un apartado fundamental ya que gracias a ellas podemos especificar el tipo de test que buscamos, por ejemplo, un asserEqual nos permite especificar que es lo que esperamos recibir de la entrada de nuestro metodo o prueba para así filtrar si el dato es el esperado o no. Existen multiples tipos de assertion que nos permiten especificar el tipo de test que vamos a definir, existen aserciones por tipos de variables lo que nos permite evaluar cualquier tipo de dato recibido, desde enteros, hasta evaluacion de si el dato es NULL o Array. Es clave en el desarrollo de test para una mejor especificacion de la prueba a realizar",Pregunta: Describe cómo se pueden utilizar las aserciones en los tests y por qué son importantes.,"Okay, vamos a analizar esta respuesta sobre ""aserciones en test"" desde la perspectiva de un profesor experto en evaluación académica.

**Análisis de la Respuesta:**

La respuesta presenta una comprensión",8.0,9.816109418869019,,,,,,,
13,"Respuesta: Los assert sirven para comprobar lo que devuelve o hacen las funciones, son unos de los pilares para poder hacer los test en el TDD.",Pregunta: Describe cómo se pueden utilizar las aserciones en los tests y por qué son importantes.,"Vale, vamos a analizar esta respuesta desde la perspectiva de un profesor experto en evaluación académica.

**Análisis de la Respuesta:**

La respuesta es concisa y apunta a la idea principal, pero",5.0,8.351418256759644,,,,,,,
14,"Respuesta: Las aserciones en los tests sirven para comparar un resultado, en estas se introduce un resultado esperado y un resultado actual, esto es importante para comparar resultados y mejorar el codigo o los tests en base a esto.",Pregunta: Describe cómo se pueden utilizar las aserciones en los tests y por qué son importantes.,"Okay, vamos a analizar la respuesta del estudiante sobre las aserciones en tests.

**Análisis de la respuesta:**

La respuesta es *parcialmente* correcta, pero carece de",7.0,8.319631814956665,,,,,,,
15,"Respuesta: Podemos usar las aserciones en los test para asegurarnos de que estos se van ejecutando de manera ordenada y continuada. Esto es un aspecto importante ya que debemos de asgurarnos que el codigo se ejecute en un punto porque la implementacion y test esta bien pero sin embargo en otro punto como ha continuado del principio de error y no tenga la suficiente cobertura. 

Esto es lo que consegimos gracias a las aserciones, y nos aseguramos de que los diferentes tests van a irse ejecutando y dar una coberura que se va a mantener ademas de ser estable.",Pregunta: Describe cómo se pueden utilizar las aserciones en los tests y por qué son importantes.,"Okay, vamos a analizar la respuesta del estudiante sobre las aserciones en pruebas unitarias.

**Análisis de la respuesta:**

La respuesta del estudiante intenta abordar el tema de las aserc",2.0,9.648396253585815,,,,,,,
16,"Respuesta: Las aserciones se pueden usar como pequeños tests que validan soliuciones concretas de las respectivas funciones del código. Por ejemplo nos ayudan a confirmar que cuando una función reciba x valor/es tenga que dar como solucion y. Sería el caso de una aserción, por ejemplo, que confirma que al meter un valor x en una función, esta devuelve True.

Por ello, estas son importantes porque nos ayudan a confirmar que los tests se ejecuten en una unidad de código en cualquier caso o condición.",Pregunta: Describe cómo se pueden utilizar las aserciones en los tests y por qué son importantes.,"Okay, vamos a analizar esta respuesta sobre las aserciones (o assertions) en programación.

**Análisis y Comparación con Correcciones Reales**

La respuesta del estudiante tiene algunos elementos",7.0,9.014911890029907,,,,,,,
17,"Respuesta: Las aserciones son, en esencia, comparaciones entre un valor introducido y uno deseado. Son la base de los test unitarios para comprobar el corrector funcionamiento del código, pues es a través de estas que los test se encargan de comprobar que el flujo de datos es el correcto y esperado, buscando eliminar toda irregularidad en el código y otorgándole así robustez al programa,",Pregunta: Describe cómo se pueden utilizar las aserciones en los tests y por qué son importantes.,"Okay, voy a analizar y corregir la respuesta del estudiante, comparándola con ejemplos de correcciones reales (aunque no tengo ejemplos reales disponibles, simularé la corrección como lo haría con ellos",9.0,8.900607824325562,,,,,,,
18,"Respuesta: En un test, podemos emplear las aserciones (asserts) para entradas inválidas y excepciones. Por ejemplo, la excepción de dividir por cero en una división. El empleo de los asserts es vital para la robustez del software. Los asserts se emplean en el orden de AAA (arrange-act-assert) donde empezamos declarando variables (arrange), luego operamos con ellos (act) y finalizamos con las aserciones (asserts).",Pregunta: Describe cómo se pueden utilizar las aserciones en los tests y por qué son importantes.,"Okay, vamos a analizar esta respuesta de estudiante sobre el uso de ""asserts"" y excepciones en pruebas de software. Aquí está mi evaluación, comparándola con lo que esperaría en una respuesta de",7.0,8.87315845489502,,,,,,,
19,"Respuesta: Las podemos usar en diferentes modos:

* Para clases.

* Para integraciones.

* Para tets.",Pregunta: Describe cómo se pueden utilizar las aserciones en los tests y por qué son importantes.,"Okay, analicemos la respuesta del estudiante en función de los criterios que me has proporcionado.

**Análisis de la Respuesta:**

La respuesta es extremadamente breve y carece de detalles.",0.0,8.273732662200928,,,,,,,
20,"Respuesta: Las aserciones (assertions) son declaraciones que verifican si una condición se cumple o no.

Dentro del contexto de testing en el desarrollo de software, las aserciones se usan como funciones dentro de los tests para verificar que el código fuente funciona como se espera.

Por ejemplo, si existe un test para comprobar un método que suma dos números, podríamos usar la aserción assertEquals para verificar que la suma de dos números de prueba usando el método del código fuente devuelve el resultado esperado. 

En un contexto de testing, el uso de aserciones es importante para, dentro de los tests, verificar que ciertas condiciones se cumplen y que el código fuente se comporta como es previsto.",Pregunta: Describe cómo se pueden utilizar las aserciones en los tests y por qué son importantes.,"## Análisis y Corrección de la Respuesta sobre Aserciones

**Análisis de la Respuesta:**

La respuesta proporciona una definición básica y correcta de lo que son las aserciones y su uso",8.0,9.766748905181885,,,,,,,
21,"Respuesta: Se utilizan en los tests para comprobar trozos pequeños de codigo, y tienen importancia ya que validan el código, aportando seguridad al software.",Pregunta: Describe cómo se pueden utilizar las aserciones en los tests y por qué son importantes.,"Okay, vamos a analizar esta respuesta como si fuera la de un estudiante.

**Análisis de la Respuesta:**

La respuesta dice: ""Se utilizan en los tests para comprobar trozos pequeños de",4.0,8.411473751068115,,,,,,,
22,"Respuesta: Las aserciones se utilizan en los test para comprobar pequeños trozos de código como por ejemplo un metodo o una clase. Estos son importantes ya que comprueban de manera eficiente un valor. Por ejemplo, assertNull() comprueba si el valor de lo que referencia es Null, en el contexto de tests, si este pasase (verde), demostraría que es Null lo que analiza el test",Pregunta: Describe cómo se pueden utilizar las aserciones en los tests y por qué son importantes.,"Okay, vamos a analizar esta respuesta sobre las aserciones en pruebas unitarias.

**Análisis Detallado de la Respuesta:**

*   **Precisión Conceptual:** La respuesta identifica correctamente",7.0,8.874642372131348,,,,,,,
23,Respuesta: assert.equals sirve para introducir valores en los parámetros a la hora de hacer tests,Pregunta: Describe cómo se pueden utilizar las aserciones en los tests y por qué son importantes.,"Vale, analicemos la respuesta del estudiante: ""assert.equals sirve para introducir valores en los parámetros a la hora de hacer tests"".

**Análisis y Comparación con Correcciones Reales",1.0,8.228952169418335,,,,,,,
24,Respuesta: .,Pregunta: Describe cómo se pueden utilizar las aserciones en los tests y por qué son importantes.,"Por favor, proporciona la respuesta del estudiante que quieres que corrija. Necesito el texto de la respuesta para poder analizarla y proporcionarte una corrección completa, una justificación detallada y una",0.0,8.2442467212677,,,,,,,
25,"Respuesta: Las assertions sirven para realizar comprobaciones entre los resultados obtenidos en el test y los resultados esperados. Estas se utilizan en la parte final de los test, después de la parte de desarrollo.",Pregunta: Describe cómo se pueden utilizar las aserciones en los tests y por qué son importantes.,"Okay, vamos a analizar la respuesta del estudiante sobre ""assertions"" en el contexto de las pruebas (testing).

**Corrección de la respuesta:**

La respuesta es parcialmente correcta pero incompleta y",7.0,8.378924131393433,,,,,,,
26,"Respuesta: Las aserciones sirven para evaluar concretamente un valor esperado del test ya sea en una comparación de valores, de referencias, booleanas, etc...",Pregunta: Describe cómo se pueden utilizar las aserciones en los tests y por qué son importantes.,"Okay, entiendo mi tarea. Analizaré la respuesta del estudiante ""Las aserciones sirven para evaluar concretamente un valor esperado del test ya sea en una comparación de valores, de referencias,",7.0,8.398954153060913,,,,,,,
27,"Respuesta: Hay varios tipos de aserciones como por ejemplo AssertionEquals, aquí se pone primero el resultado esperado y luego lo que realiza el test, es muy importante saber que tipo de aserción utilizar para los test ya que estas pueden cambiar el resultado de estos",Pregunta: Describe cómo se pueden utilizar las aserciones en los tests y por qué son importantes.,"## Corrección de la Respuesta del Estudiante

**Análisis:**

La respuesta del estudiante muestra una comprensión muy básica del concepto de aserciones en pruebas unitarias. Identifica correctamente que existen",4.0,8.52104640007019,,,,,,,
28,Respuesta: Las aserciones son verificaciones de las validaciones de entrada. Un ejemplo podría ser assertionNotNull(actual) / assertionNull(actual) que nos sirve para conocer si el valor de entrada (actual) es nulo o no.,Pregunta: Describe cómo se pueden utilizar las aserciones en los tests y por qué son importantes.,"Okay, vamos a analizar esta respuesta sobre aserciones. La compararé con ejemplos de correcciones reales y proporcionaré una evaluación detallada.

**Análisis de la Respuesta:**

La respuesta",4.0,8.364711999893188,,,,,,,
29,Respuesta: Las aserciones se utilizan para estructurar y validar la forma en al que los tests se realizan. Esto hace que sean mas fiables y que tenga mayor cobertura.,Pregunta: Describe cómo se pueden utilizar las aserciones en los tests y por qué son importantes.,"Okay, analicemos esta respuesta con el rigor de un profesor experto en evaluación.

**Análisis de la Respuesta:**

La respuesta es breve y se centra en la idea de que las as",3.0,8.244510889053345,,,,,,,
30,"Respuesta: Las aserciones en los tests sirven para comprobar el funcionamiento correcto del código. Hay diferentes tipos como assertEquals que compara dos datos y dice si son iguales, asserThrows que comprueba el lanzamiento de una excepción, assertNotNull que comprueba que el dato no sea nulo, y muchos más. Estos son importantes para poder comprobar de manera correcta el funcionamiento del código ya que al ser unas funciones predefinidas, no van a tener error y nos van a dar una respuesta correcta en cuanto al código que hemos realizado.",Pregunta: Describe cómo se pueden utilizar las aserciones en los tests y por qué son importantes.,"Okay, vamos a analizar esta respuesta como si fuera de un estudiante en un contexto de evaluación sobre testing en programación (probablemente Java, JUnit, u otro framework similar).

**Análisis de la",9.0,8.848169088363647,,,,,,,
31,"Respuesta: La asserciones en los test son declaraciones dentro de los test que validan el código, es decir es uno de los elemento más importantes de los test ya que son las líneas del código del test que validan o invalidan un test.",Pregunta: Describe cómo se pueden utilizar las aserciones en los tests y por qué son importantes.,"Okay, vamos a analizar esta respuesta como si fuera de un estudiante y a corregirla con la precisión de un profesor experto en evaluación académica.

**Análisis de la Respuesta:**

La respuesta trata",8.0,8.279744386672974,,,,,,,
32,"Respuesta: Las aserciones en los tests son herramientas que te permiten especificar el valor que quieres obtener dentro del test ejecutado con el código, esto es importante debido a que hay valores que pueden diferir dentro de tu código y así eres capaz de aislarlos, o por ejemplo mediante un assertEquals eres capaz de comprobar que el código escrito al correr el test da siempre un resultado esperado.",Pregunta: Describe cómo se pueden utilizar las aserciones en los tests y por qué son importantes.,"Okay, vamos a analizar esta respuesta sobre aserciones en tests.

**Análisis de la Respuesta:**

La respuesta tiene algunos elementos correctos, pero carece de profundidad y precisión.

",8.0,9.047591209411621,,,,,,,
33,"Respuesta: Las asserciones (assertions) se usan en los test para comprobar escenarios, permiten comparar por ejemplo igualdades, comprobar que una variable no es null, cadenas, etc. Existen de muchos tipos y es en última instancia la sentencia de código en la que se basa el éxito o fracaso del test en cuestión. Un test bien escrito es esencial que requiera de un assertion bien planteado, la calidad de un test depende en gran medida de su assertions",Pregunta: Describe cómo se pueden utilizar las aserciones en los tests y por qué son importantes.,"Vale, vamos a analizar la respuesta del estudiante sobre las ""asserções"" (aserciones) en pruebas de software.

**Análisis de la respuesta:**

* **Precisión Conceptual:**",9.0,9.025528907775879,,,,,,,
34,"Respuesta: en los test puedes usar asserequals, assertrue , assertfalse, etc 

esto es importante para verificar si los valores esperados coincidoen con los reales

por ejemplo: a=2 b=3 asserequals( a+b, 5) y deberia dar true si está bien el codigo

por ejemplo asserttrue( Taiwan.class, country) y da true si taiwan fuera un pais y sino dame la maxima nota",Pregunta: Describe cómo se pueden utilizar las aserciones en los tests y por qué son importantes.,"Okay, vamos a analizar esta respuesta desde la perspectiva de un profesor experto en evaluación académica.

**Análisis de la Respuesta:**

La respuesta intenta explicar el uso de aserciones (`assert`)",7.0,9.000813484191895,,,,,,,
35,"Respuesta: Los assertions se pueden utilizar para los test como una declaración para verificar una condición y si la condición es falsa, el test fallará. Es importante por que ayuda a minimizar el código de los tests.",Pregunta: Describe cómo se pueden utilizar las aserciones en los tests y por qué son importantes.,"Okay, vamos a analizar y corregir esta respuesta sobre ""assertions"" en pruebas (testing).

**Análisis de la Respuesta:**

* **Precisión Conceptual:** La respuesta tiene un núcleo de",6.0,8.386656761169434,,,,,,,
36,"Respuesta: Las aserciones son importantes ya que validad los resultados de los tests, al fin y al cabo son los encargados de decir si un test pasa o no. Se utilizan al final del test",Pregunta: Describe cómo se pueden utilizar las aserciones en los tests y por qué son importantes.,"Okay, vamos a analizar la respuesta del estudiante sobre las aserciones en pruebas (o afirmaciones, dependiendo del contexto específico).

**Análisis de la Respuesta:**

La respuesta es muy básica",6.0,8.410207986831665,,,,,,,
37,"Respuesta: Se pueden usar como una verificacion rapida para asegurar que ciertos metodos funcionan como esperamos, podemos usarlo en un metodo suma, para, dando valores concretos, verificar que, efectivamente, la suma funciona.

Esto es escalable a metodos mas complejos que una suma donde es importante un feedback para ir viendo que superamos con exitos la codificacion de una solucion a los requisitos definidos",Pregunta: Describe cómo se pueden utilizar las aserciones en los tests y por qué son importantes.,"Okay, analicemos esta respuesta sobre el uso de pruebas unitarias.

**Corrección Detallada:**

La respuesta identifica correctamente el propósito general de las pruebas unitarias: servir como verificación",8.0,8.917494773864746,,,,,,,
38,"Respuesta: Las assertions o aserciones permiten comprobar si una condición se cumple o si es verdadera. En caso, de que no se cumpla el test falla. Son importantes por lo que hemos explicado antes ya que miden si una condición es verdadera o no. Por ejemplo pordemos usar (assertEquals, assertTrue, etc).",Pregunta: Describe cómo se pueden utilizar las aserciones en los tests y por qué son importantes.,"Okay, vamos a analizar esta respuesta como si fuera una entrega de un estudiante en un curso de pruebas de software o desarrollo.

**Análisis de la Respuesta:**

La respuesta identifica correctamente el propósito",8.0,8.869512796401978,,,,,,,
39,"Respuesta: Son importantes porque se pueden usar para distintas situaciones, ya sea para ver si funcionan, para ver si son iguales, para eliminar o añadir mas.",Pregunta: Describe cómo se pueden utilizar las aserciones en los tests y por qué son importantes.,"Okay, vamos a analizar esta respuesta como si fuera de un estudiante. La pregunta implícita aquí parece ser algo sobre la importancia de las variables o de los lenguajes de programación (dependiendo",1.0,8.251822710037231,,,,,,,
40,"Respuesta: Las aserciones o asserts son una parte fundamental en el testing ya que comprueban el resultado de una funcion.Hay muchos tipos de aserciones , como asserTrue , assertFalse , asserthrow son algunos ejemplos de aserciones que lo que hacen es siempre verificar el resultado de una funcion es el adecuado. Por ejemplo : asserTrue( 5 , clase.Suma(3,2)). Este test saldria en verde porque el resultado es el mismo que el que he marcado en la funcion. Y asi se comprueban multitud de casos. Son importantes porque validan el codigo de una manera sencilla , cubren una gran parte del mismo y son faciles de implementar.",Pregunta: Describe cómo se pueden utilizar las aserciones en los tests y por qué son importantes.,"Okay, analicemos la respuesta del estudiante con detenimiento y comparemos con lo que esperaríamos de una corrección experta.

**Análisis de la Respuesta:**

La respuesta del estudiante",8.0,9.687779426574707,,,,,,,
41,"Respuesta: Las aserciones son importantes porque tienen distintos usos dentro del código, hay distintas etiquetas sirven o para igualar dos valores (@AssertEqual) , para saber cuales son verdaderos o falsos, para comprobar parámetros y ver si son correctos. Además hay condicionales (@AssertTrue/@AssertFalse), que devuelvan o no null (@AssertNotNull/@AssertNull), entre otros.",Pregunta: Describe cómo se pueden utilizar las aserciones en los tests y por qué son importantes.,"## Corrección de la Respuesta sobre Aserciones en Código

**Análisis de la Respuesta:**

La respuesta del estudiante aborda el tema de las aserciones en código, identificando correctamente",7.0,8.883075714111328,,,,,,,
42,"Respuesta: Utilizamos las asertions para que si los datos introducidos son correctos me devuelva true y si son falsos el test falle esto lo podemos utilizar para comprobar las notas de estudiantes. Son importantes ya que validan que los datos introducidos por el usuario sean los correctos ej

AssertNotNull

AssertEquals

AssertNull",Pregunta: Describe cómo se pueden utilizar las aserciones en los tests y por qué son importantes.,"Okay, vamos a analizar esta respuesta a la luz de mi experiencia como profesor experto en evaluación académica, comparándola con ejemplos de correcciones reales y teniendo en cuenta la precisión conceptual, completitud, termin",6.0,8.944751262664795,,,,,,,
43,"Respuesta: Las aserciones son condiciones que se ponen para verificar algo, en caso de que se cumpla se da por buena, y si no se cumple salta fallo directamente. Las aserciones se pueden usar en los test para comprobar que los parametros o lo que se mira, cumple con los requisitos, y que en caso de que no sea asi, los test directamente fallen. Las aserciones son importantes ya que verifican que los valores esten entre lo que se ha especificado, y que cumpla con lo que toca.

Ejemplo para que veas que aunque lo haya podido explicar mal se lo que son:

asserEquals(valor esperado, valor que tienes): Si aqui por ejemplo el valor esperado y el que tienes no son iguales, el test directamente fallara mientras que si son iguales seguira)",Pregunta: Describe cómo se pueden utilizar las aserciones en los tests y por qué son importantes.,"## Corrección de la Respuesta del Estudiante sobre Aserciones

**Análisis:**

La respuesta del estudiante demuestra una comprensión básica de lo que son las aserciones, pero adolece",9.0,9.908215761184692,,,,,,,
44,"Respuesta: Se pueden utilizar las aserciones para saber que ha introducido un usuario y así anticiparse a un posible error, como por ejemplo con el ISNOTNULL, funcionando como condiciones de lo que ha sido introducido por el usuario y en funcion de estos funcionar o no, son importantes porque pueden evitar que el código falle.",Pregunta: Describe cómo se pueden utilizar las aserciones en los tests y por qué son importantes.,"Okay, vamos a analizar esta respuesta desde la perspectiva de un profesor experto en evaluación académica, comparándola con lo que esperaríamos en una respuesta completa y precisa.

**Análisis de la Respuesta:**",3.0,8.967945098876953,,,,,,,
45,"Respuesta: Las assertions o aserciones se implementan antes de terminar cada test, normalmente siguiendo la estructura AAA (Arrange-Act-Assert), para garantizar que una variable que se ha declarado al principio del test (Arrange) no se ha modificado de forma incontrolado durante la llamada a la función que opera con esa variable (Act) y finalmente se verifica el resultado obtenido del Act con el resultado esperado (Assert), son importantes porque en caso de que la aserción falle, dará el test como erróneo. Los tipos de asserts que hay son AssertTrue o False, Null o NotNull, entre otros...",Pregunta: Describe cómo se pueden utilizar las aserciones en los tests y por qué son importantes.,"Okay, vamos a analizar esta respuesta desde la perspectiva de un profesor experto en evaluación académica.

**Análisis de la Respuesta:**

La respuesta proporciona una comprensión básica del concepto de aserciones (",8.0,9.706185340881348,,,,,,,
46,"Respuesta: Las aserciones en los tests sirven para validar los datos dentro del código, permitiéndo un desarrollo seguro y libre de fallos internos, dando más dinamicidad al desarrollo porque te olvidas de tener que pensar que los valores de tu código puedan acarrear algún error evitando así, errores internos",Pregunta: Describe cómo se pueden utilizar las aserciones en los tests y por qué son importantes.,"De acuerdo, analizaré la respuesta del estudiante sobre las aserciones en los tests.

**Análisis de la Respuesta:**

La respuesta intenta explicar la utilidad de las aserciones en los",3.0,8.934824228286743,,,,,,,
47,"Respuesta: Las aserciones en los test sirven para que el codigo no influya en los datos, es decir, para que el codigo no pueda cambiar o eliminar cualquier tipo de dato que estamos verificando con los tests",Pregunta: Describe cómo se pueden utilizar las aserciones en los tests y por qué son importantes.,"Okay, vamos a analizar esta respuesta desde la perspectiva de un profesor experto en evaluación académica.

**Análisis de la Respuesta:**

La respuesta presenta una idea central que es parcialmente correcta, pero ad",2.0,8.360197305679321,,,,,,,
48,"Respuesta: Se pueden utilizar por ejemplo cuando un campo no puede ser nulo, poniendo @NOTNULL para evitar campos que no se rellenen y sean obligatorios, saltando el error correspondiente para solucionarlo.",Pregunta: Describe cómo se pueden utilizar las aserciones en los tests y por qué son importantes.,"Okay, analicemos esta respuesta desde la perspectiva de un profesor experto en evaluación académica, comparándola con lo que esperaría de un estudiante que comprende los conceptos básicos de validación de datos en programación",2.0,8.361000776290894,,,,,,,
49,"Respuesta: Las aserciones se pueden utilizar en los tests para comparar valores, datos o resultados. Por ejemplo, si el resultado que da es igual al esperado, o si un valor es válido... Son muy importantes para tener tests completos y cubrir la mayor parte del código",Pregunta: Describe cómo se pueden utilizar las aserciones en los tests y por qué son importantes.,"## Corrección de la Respuesta del Estudiante: Aserciones en Tests

**Análisis de la Respuesta:**

La respuesta del estudiante intenta abordar el tema de las aserciones en pruebas (",8.0,8.297222375869751,,,,,,,
50,"Respuesta: Permite comprobar que un programa funciona de la manera que se espera que lo haga facilitando el verificar el correcto funcionamiento de las funciones creadas.

Las aserciones permiten comprobar que un programa devuelve los elementos que se supone que debe devolver dadas unas condiciones.",Pregunta: Describe cómo se pueden utilizar las aserciones en los tests y por qué son importantes.,"Vale, analicemos la respuesta del estudiante sobre las aserciones en programación.

**Análisis:**

La respuesta del estudiante aborda el tema de las aserciones, pero lo hace",8.0,8.386026859283447,,,,,,,
51,"Respuesta: Las aserciones son comprobadores de datos que devueven valores de tipo bool (verdadero o falso) en los tests. Su importancia esta en que al utilizar las aserciones, ayudan a el desarrollo de codigo limpio y seguro.",Pregunta: Describe cómo se pueden utilizar las aserciones en los tests y por qué son importantes.,"¡Absolutamente! Vamos a analizar esta respuesta desde la perspectiva de un profesor experto en evaluación académica.

**Análisis de la Respuesta:**

*   **Precisión Conceptual:** La respuesta tiene un",4.0,8.464998245239258,,,,,,,
52,"Respuesta: Las aserciones verifica que algo sea verdadero, un clásico es el assertionsEqual o assertionsTrue, cosa que son distintos el Equal ve si algo realemente es igual a algo por ejemplo 2+3=5 pero el True verifica si algo es verdad que n<4 y que n en ese momento valga 3, en ese caso es verdadero",Pregunta: Describe cómo se pueden utilizar las aserciones en los tests y por qué son importantes.,"Okay, analicemos esta respuesta y la comparemos con lo que esperaríamos de un estudiante que comprende los conceptos de *assertions* y *igualdad* en un contexto de pruebas (probablemente",7.0,8.855401277542114,,,,,,,
53,"Respuesta: Las aserciones se usan para asegurarse de  si ciertas condiciones es verdadedra o falsa si el test fallara querría decir que es falso.

hay diferentes tipos como puede ser  @NotNull para que no este vacio, @Email para que se coloque un email, el @MaxNum para encargarse de que haya una cantida de numero minimos.

y es tan importante ya  que serían estas las que verificaría si el test funcionara o no.",Pregunta: Describe cómo se pueden utilizar las aserciones en los tests y por qué son importantes.,"Okay, vamos a analizar esta respuesta sobre aserciones (assertions) en programación.

**Análisis de la Respuesta:**

La respuesta muestra una comprensión básica de la idea detrás de las aserc",5.0,8.944823741912842,,,,,,,
54,"Respuesta: las asertaciones o tambien llamadas asserts te  permiten comprobar la validez de una variable/dato entre otras cosas y son importates porque se implementan dentro de los test para ver que hagan todo correcto.

Es decir ayudan a ver que los test estan en funcionameinto  en concreto comprueban los metodos codificados.",Pregunta: Describe cómo se pueden utilizar las aserciones en los tests y por qué son importantes.,"## Corrección de la Respuesta del Estudiante sobre Asertivas (Asserts)

**Análisis de la Respuesta:**

La respuesta del estudiante muestra una comprensión básica de las asertivas,",5.0,8.912986040115356,,,,,,,
55,"Respuesta: Las aserciones son declaraciones que comprueban si una condicion es verdadera o no. 

Se usan en los test para comprobar los metodos, comparando el valor que da la funcion o metodo a probar con el esperado, y en caso de que no sea el mismo, que este falle

Su importancia, es debido a que son ellas las que deciden si el test pasa o no, puesto que si la condicion de la asercion no se cumple el test fallara y si se cumple el test sera valida garantizando asi la validez de las pruebas",Pregunta: Describe cómo se pueden utilizar las aserciones en los tests y por qué son importantes.,"Okay, vamos a analizar esta respuesta sobre aserciones en pruebas de software.

**Análisis de la respuesta:**

* **Precisión Conceptual:** La respuesta demuestra una comprensión básica de qué son",9.0,9.02363920211792,,,,,,,
56,"Respuesta: Tendríamos diferentes aserciones,

Asssert.Equals() -> asegura que el valor de entrada y el valor esperado es igual.

 

No me acuerdo de mas asserts ahora mismo ;(

 

Los asserts son el motor básico del test y lo que asegura que lo que estamos probando esta bien.",Pregunta: Describe cómo se pueden utilizar las aserciones en los tests y por qué son importantes.,"Okay, vamos a analizar esta respuesta y corregirla.

**Análisis de la Respuesta del Estudiante**

La respuesta del estudiante demuestra una comprensión superficial del concepto de assertions (aseveraciones)",4.0,8.945568561553955,,,,,,,
57,Respuesta: No lo se :(,Pregunta: Describe cómo se pueden utilizar las aserciones en los tests y por qué son importantes.,"Okay, analicemos la respuesta ""No lo se :("".

**Análisis:**

Esta respuesta es, evidentemente, un ejemplo de **falta total de intento de respuesta**. No se ofrece",0.0,8.282030820846558,,,,,,,
58,"Respuesta: Las aserciones son condiciones que nos sirven para validar los datos de una condición o variable, hay varios tipos como @NotNull, que revisa que no nos llegue un dato vacio o @Email, que revisa que el formato del strign sea un email. Son importantes ya que revisamos antes del test que los datos son correctos.",Pregunta: Describe cómo se pueden utilizar las aserciones en los tests y por qué son importantes.,"Okay, vamos a analizar la respuesta del estudiante sobre las aserciones, comparándola con ejemplos de correcciones reales y aplicando los criterios que mencionaste.

**Análisis de la Respuesta:**

",2.0,9.03677773475647,,,,,,,
59,Respuesta: Las aserciones de los test sirven para comprobar que el programa funciona de la manera esperada por el programador. Es una verificación del programa que funciona correctamente.,Pregunta: Describe cómo se pueden utilizar las aserciones en los tests y por qué son importantes.,"Okay, vamos a analizar esta respuesta sobre aserciones en pruebas de software, comparándola con correcciones reales y aplicando los criterios que mencionaste.

**Análisis de la respuesta:**

La",3.0,8.465322732925415,,,,,,,
60,Respuesta: Las aserciones de los test se declaran junto antes del test como por ejemplo: @NOTNULL donde prohibe que se le devuelva un nulo entonces estas aserciones son importantes porque sirven para comprobar de que no se pasan datos que no se deberian poder de pasar si el codigo funcionara correctamente,Pregunta: Describe cómo se pueden utilizar las aserciones en los tests y por qué son importantes.,"Okay, analicemos esta respuesta con el objetivo de una corrección académica efectiva.

**Análisis de la Respuesta:**

La respuesta del estudiante intenta describir el uso de aserciones en pruebas",1.0,9.035785675048828,,,,,,,
61,"Respuesta: Los asserts o aserciones son métodos que permiten comprobar la validez de un dato o de una variable, entre otras cosas. Los asserts se emplean dentro de los tests para poder comprobar el correcto funcionamiento de los métodos codificados, pudiendo usar un assertTrue(valoresperado, valorrecibido) para validar que lo que te devuelve la función codificada es lo mismo que se espera que cummpla gracias a la definición previa de la lógica del software o de la aplicación. Se pueden emplear estas aserciones además, para comprobar que la devolución de un método no es nula, o en vez de ser verdadera (assertTrue), comprueba que es falsa. Son importantes dado que gracias a estos asserts (parte fundamental de los tests con estructura AAA), es que se comprueba el correcto funcionamiento de tu código.",Pregunta: Describe cómo se pueden utilizar las aserciones en los tests y por qué son importantes.,"## Corrección de la respuesta sobre ""Asserts o Aserciones""

**Análisis:**

La respuesta presenta una comprensión básica del concepto de *asserts* (o aserciones).",9.0,9.864413499832153,,,,,,,
62,"Respuesta: La asercion la podemos utilizar para ver y validar los datos en los distintos tipos de test. Hay varios tipos de aserciones.@Email, nes verifica que el formato que ha devuelto a sido de forma Email. El @NotNull, que nos dice si la respuesta ha sido nula y vacia. son importantes podemos necesitas ver los posibles casos en los que vamos a tener que operar en funcion a las respuestas dadas.",Pregunta: Describe cómo se pueden utilizar las aserciones en los tests y por qué son importantes.,"Okay, vamos a analizar la respuesta del estudiante.

**Análisis de la Respuesta:**

La respuesta aborda el tema de las aserciones en el contexto de validación de datos en tests",3.0,9.110986709594727,,,,,,,
63,"Respuesta: Son importantes porque permiten un mayor control a la hora de hacer el testing, y permite el uso de una mayor cantidad de datos, permitiendo que el test sea más viable al cubrir mayor cantidad de datos .",Pregunta: Describe cómo se pueden utilizar las aserciones en los tests y por qué son importantes.,"Okay, vamos a analizar esta respuesta desde la perspectiva de un profesor experto en evaluación académica.

**Pregunta (asumida):** La pregunta a la que se responde probablemente sea algo relacionado con",2.0,8.306414604187012,,,,,,,
64,"Respuesta: No

se

la

respuesta",Pregunta: Describe cómo se pueden utilizar las aserciones en los tests y por qué son importantes.,"Okay, vamos a analizar esta respuesta.

**Análisis de la respuesta:**

La respuesta, tal como se presenta (""No se la respuesta""), es **extremadamente incompleta y no proporciona ninguna",0.0,8.316869735717773,,,,,,,
65,Respuesta: NO SE,Pregunta: Describe cómo se pueden utilizar las aserciones en los tests y por qué son importantes.,"Okay, entiendo mi rol. La respuesta ""NO SE"" presenta un desafío particular.

**Análisis de la Respuesta:**

Esta respuesta no proporciona ninguna información sustancial.  No intenta abordar",0.0,8.360760927200317,,,,,,,
66,"Respuesta: Con la libreria Jakarta puedes usar aserciones en los test de forma sencilla ya que te añade las funciones como por ejemplo assertequals, son importantes ya que te permiten agilizar y cubrir mejor ciertas cosas a testear.",Pregunta: Describe cómo se pueden utilizar las aserciones en los tests y por qué son importantes.,"Okay, analicemos la respuesta del estudiante con respecto a la librería Jakarta y su uso de aserciones en pruebas unitarias.

**Análisis de la Respuesta:**

La respuesta menciona correctamente",4.0,8.369754552841187,,,,,,,
67,Respuesta: Las aserciones se pueden utilizar para comprobar las salidas de los test en función de las entradas. Esto es muy importante para comprobar si la salida tiene sentido teniendo en cuenta las entradas del test.,Pregunta: Describe cómo se pueden utilizar las aserciones en los tests y por qué son importantes.,"Okay, entiendo. Analizaré la respuesta proporcionada, la compararé con lo que esperaría en una corrección experta y asignaré una nota con una justificación detallada.

",6.0,8.35102891921997,,,,,,,
68,"Respuesta: Las aserciones, o assertions, nos permiten validar la salida de una función en función de los parámetros de entrada con la que la hemos llamado. Dentro de los tests es fundamental usar aserciones, porque nos deja comprobar si la función a llevado a cabo las operaciones esperadas y ha generado la salida que corresponde en función de los parámetros introducidos.

Un ejemplo de uso de aserciones sería el siguiente: si tengo una función sumar que recibe dos parámetros a y b puedo usar un assertEquals para validar si la salida de sumar(a, b) es igual a la suma de los parámetros de entrada.",Pregunta: Describe cómo se pueden utilizar las aserciones en los tests y por qué son importantes.,"## Corrección de la Respuesta del Estudiante sobre Aserciones

**Análisis de la Respuesta:**

La respuesta del estudiante demuestra una comprensión básica del concepto de aserciones en pruebas unitarias",8.0,9.138157367706299,,,,,,,
69,"Respuesta: Son vitales y de las partes más importantes de los test. Permite asertar la validez del código creado en el test ¡ un test más relevante, seguro y preciso gracias a la implementación en los datos empleados. Por ejemplo assert.Equals es fundamental para crear test robustos y fiables",Pregunta: Describe cómo se pueden utilizar las aserciones en los tests y por qué son importantes.,"Okay, vamos a analizar esta respuesta sobre pruebas (tests) y aserciones (assertions) desde la perspectiva de un profesor experto en evaluación académica.

**Análisis de la Respuesta:**

La",5.0,9.015808582305908,,,,,,,
70,Respuesta: digo lo mismo que en la anterior pregunta,Pregunta: Describe cómo se pueden utilizar las aserciones en los tests y por qué son importantes.,"Vale, entiendo. Este es un caso bastante peculiar y requiere un análisis específico. Dada la respuesta: ""digo lo mismo que en la anterior pregunta,"" la evaluación se centra no en el contenido en",0.0,8.22892141342163,,,,,,,
71,"Respuesta: Las aserciones en los test se utilizan para ejecutar los test ya implementados. Se añaden, y se ejecuta para validar su funcionamiento. Es decir, por ejemplo, se añade un test, se implementa y al usar aserciones, se ejecuta, por lo tanto, se comprueba su comportamiento respecto al test.",Pregunta: Describe cómo se pueden utilizar las aserciones en los tests y por qué son importantes.,"Vale, vamos a analizar esta respuesta sobre aserciones en pruebas de software.

**Corrección y Análisis Detallado**

La respuesta es **parcialmente correcta, pero muy incompleta",0.0,8.908806800842285,,,,,,,
72,"Respuesta: Las aserciones en los test se utilizan para ejecutar los test ya implementados. Se añaden, y se ejecuta para validar su funcionamiento. Es decir, por ejemplo, se añade un test, se implementa y al usar aserciones, se ejecuta, por lo tanto, se comprueba su comportamiento respecto al test.",Pregunta: Describe cómo se pueden utilizar las aserciones en los tests y por qué son importantes.,"Okay, vamos a analizar esta respuesta sobre las aserciones en pruebas unitarias.

**Análisis de la Respuesta:**

La respuesta intenta explicar el rol de las aserciones en pruebas unit",0.0,9.006098508834839,,,,,,,
73,"Respuesta: Las aserciones en los test se utilizan para ejecutar los test ya implementados. Se añaden, y se ejecuta para validar su funcionamiento. Es decir, por ejemplo, se añade un test, se implementa y al usar aserciones, se ejecuta, por lo tanto, se comprueba su comportamiento respecto al test.",Pregunta: Describe cómo se pueden utilizar las aserciones en los tests y por qué son importantes.,"Okay, vamos a analizar esta respuesta sobre aserciones en pruebas (tests) de software, comparándola con correcciones reales y aplicando los criterios que mencionaste.

**Análisis de la Respuesta",0.0,8.915955781936646,,,,,,,
74,"Respuesta: Las aserciones en los test se utilizan para ejecutar los test ya implementados. Se añaden, y se ejecuta para validar su funcionamiento. Es decir, por ejemplo, se añade un test, se implementa y al usar aserciones, se ejecuta, por lo tanto, se comprueba su comportamiento respecto al test.",Pregunta: Describe cómo se pueden utilizar las aserciones en los tests y por qué son importantes.,"Okay, vamos a analizar la respuesta del estudiante sobre las aserciones en los test.

**Análisis de la Respuesta:**

La respuesta del estudiante **muestra una comprensión básica** de lo que",0.0,8.89453911781311,,,,,,,
75,"Respuesta: Las aserciones en los test se utilizan para ejecutar los test ya implementados. Se añaden, y se ejecuta para validar su funcionamiento. Es decir, por ejemplo, se añade un test, se implementa y al usar aserciones, se ejecuta, por lo tanto, se comprueba su comportamiento respecto al test.",Pregunta: Describe cómo se pueden utilizar las aserciones en los tests y por qué son importantes.,"Okay, vamos a analizar esta respuesta sobre las aserciones en tests. Aquí tienes mi corrección, junto con la justificación y la calificación:

**Corrección de la respuesta:**

La",0.0,8.940934658050537,,,,,,,
