step,pregunta,respuesta,rango_nota,salida,esperado,tiempo,CALIDAD_SOFTWARE,CICLO_ITERATIVO,CODIGO_ROJO,CODIGO_VERDE,COMPARACION,ERROR,ESPECIFICACION,FASES_TDD,PRACTICA_FUNDAMENTAL,PRACTICA_RECOMENDADA,PREVIENE_ERRORES,PROPOSITO_REFACTOR,RELACION_ROBUSTEZ,SIRVE_VALIDACION,SOLO_NECESARIOS,TDD_PROACTIVO,TESTS_PRIMERO,TRADICIONAL_TESTS_FINAL,USA_TESTS,VALIDACION_COMPORTAMIENTO,VALIDACION_ENTRADA,VALIDACION_RELACION,VALIDAR_PARA,nota_modelo,denominador_modelo,nota_modelo_normalizada,diferencia,diferencia_absoluta,diferencia_normalizada,diferencia_absoluta_normalizada
0,Explica el ciclo TDD  y su importancia en el desarrollo de software.,"El TDD en inglés es Test-Driven Development, es un mecanismo de test independientes para el proceso de un proyecto. En primer lugar, está el test en rojo, es decir, los test de la práctica están fallando porque no está implementado. En segundo lugar, el test verde, es decir, se ha implementado los métodos necesarios para probar la ejecución. No importaría el largo del código sino su funcionamiento. Y, por último, está el refactor, se ha corregido dicha implementación para mejorar el código y su implementación. En otras palabras, no se modifica su funcionamiento, pero sí el código para hacerlo más dinámico. Es un ciclo el cuál empieza en rojo -> verde -> refactor. Nos ayuda a comprobar si los métodos implementados han sido utilizados en los test y qué está fallando.",<ACEPTABLE>,8,9.0,0.043914079666137695,sí,sí,sí,sí,,sí,,sí,,,,sí,,,,,,,sí,sí,,,,8.0,,8.00,1.00,1.00,1.00,1.00
1,Compara TDD con un enfoque tradicional de testing en el desarrollo de software.,"El TDD nos ayuda a comprobar que la implementación de los métodos de la práctica y su uso sean correctos. Se prueba en un inicio que los test funcionan, es decir, fallan porque no hay implementación. Pasamos a implementar los métodos y comprobar su funcionamiento, es decir, pasarían a los test en verde. Corregimos el código, sin modificar su funcionamiento y logar la refactorización. Esto sería el TDD. Sin embargo, el enfoque tradicional de testing sería implementar los métodos de la práctica y al ejecutar, poder comprobar si funciona o no. Ahí sí falla, se cambiaría el método del test y se volvería a ejecutar. En este enfoque sería de muy buena práctica usar git para poder saber en qué punto de los test se encuentra la ejecución.",<ACEPTABLE>,8,7.0,0.0355074405670166,,,,,sí,sí,sí,,,,,,,,,sí,sí,sí,sí,,,,,8.0,,8.00,-1.00,1.00,-1.00,1.00
2,Describe las buenas prácticas en TDD y su impacto en la calidad del software.,"Las buenas prácticas del TDD son: 

* El código de cada test tiene que ser independiente de cada uno.

* La implementación debe de ser clara, con comentarios explicando qué realiza cada método.

* La implementación de cada test, de cada método para comprobar el test, tiene que ser independiente de los demás. 

* Primero se haría el test en rojo para comprobar su funcionalidad, en segundo lugar, se implementaría su funcionalidad que pasaría al test en verde. Y por último, haríamos el refactor mejorando el código y su implementación sin modificar su funcionalidad, para un buen uso del mismo y que esté mejor desarrollado.

El impacto de las buenas prácticas en el TDD causarían un impacto bueno en la calidad del software ya que vas probando si dichos test funcionan y comprobamos que esos métodos usados se ejecutan. En el caso que no se ejecute, podemos comprobar con los test en dónde en especifico está fallando.",<ACEPTABLE>,8,6.0,0.03130841255187988,,,,,,sí,,,sí,sí,sí,,,sí,sí,,,,,,,,,8.0,,8.00,-2.00,2.00,-2.00,2.00
